GROUP,PACKAGE,CLASS,INSTRUCTION_MISSED,INSTRUCTION_COVERED,BRANCH_MISSED,BRANCH_COVERED,LINE_MISSED,LINE_COVERED,COMPLEXITY_MISSED,COMPLEXITY_COVERED,METHOD_MISSED,METHOD_COVERED
JaCoCo Ant Example,markdown,Document,5,28,0,0,0,0,2,3,2,3
JaCoCo Ant Example,markdown,MDParser,9,371,2,42,0,0,2,28,0,8
JaCoCo Ant Example,markdown,Header,0,5,0,0,0,0,0,1,0,1
JaCoCo Ant Example,markdown,Plain,36,2683,30,328,0,0,29,156,0,6
JaCoCo Ant Example,markdown,Horizontal_rule,0,5,0,0,0,0,0,1,0,1
JaCoCo Ant Example,markdown,Item_List,0,5,0,0,0,0,0,1,0,1
JaCoCo Ant Example,markdown,File_reader,3,48,0,2,0,0,0,6,0,5
JaCoCo Ant Example,markdown,Block,0,5,0,0,0,0,0,1,0,1
JaCoCo Ant Example,markdown,MDElement,5,0,0,0,0,0,1,0,1,0
JaCoCo Ant Example,markdown,MDElementVisitor,0,5,0,0,0,0,0,1,0,1
JaCoCo Ant Example,markdown,Fancy,103,2616,35,323,0,0,32,153,1,5
JaCoCo Ant Example,markdown,Node,10,36,0,0,0,0,1,5,1,5
JaCoCo Ant Example,markdown,Quoted_block,0,5,0,0,0,0,0,1,0,1
JaCoCo Ant Example,markdown,Token,0,26,0,0,0,0,0,4,0,4
JaCoCo Ant Example,markdown,Backslash,0,6,0,0,0,0,0,1,0,1
JaCoCo Ant Example,markdown.test,MDParserTest,3,139,0,4,0,0,0,4,0,2
