GROUP,PACKAGE,CLASS,INSTRUCTION_MISSED,INSTRUCTION_COVERED,BRANCH_MISSED,BRANCH_COVERED,LINE_MISSED,LINE_COVERED,COMPLEXITY_MISSED,COMPLEXITY_COVERED,METHOD_MISSED,METHOD_COVERED
JaCoCo Ant Example,markdown,Document,9,8,0,0,0,0,3,1,3,1
JaCoCo Ant Example,markdown,MDParser,19,357,5,41,0,0,5,26,0,8
JaCoCo Ant Example,markdown,Header,0,6,0,0,0,0,0,1,0,1
JaCoCo Ant Example,markdown,Plain,37,84,4,4,0,0,4,6,1,5
JaCoCo Ant Example,markdown,Horizontal_rule,0,6,0,0,0,0,0,1,0,1
JaCoCo Ant Example,markdown,Item_List,0,6,0,0,0,0,0,1,0,1
JaCoCo Ant Example,markdown,File_reader,3,48,0,2,0,0,0,6,0,5
JaCoCo Ant Example,markdown,Block,0,6,0,0,0,0,0,1,0,1
JaCoCo Ant Example,markdown,MDElement,0,9,0,0,0,0,0,1,0,1
JaCoCo Ant Example,markdown,Markdown_test,13,0,0,0,0,0,7,0,7,0
JaCoCo Ant Example,markdown,Node,0,1297,18,202,0,0,18,97,0,5
JaCoCo Ant Example,markdown,Quoted_block,0,6,0,0,0,0,0,1,0,1
JaCoCo Ant Example,markdown,Token,0,902,5,117,0,0,5,60,0,4
JaCoCo Ant Example,markdown,Backslash,0,6,0,0,0,0,0,1,0,1
JaCoCo Ant Example,markdown.test,MDParserTest,3,135,0,4,0,0,0,4,0,2
